tanggal,kode_prov,nama_prov,SUSPECT,suspect_diisolasi,suspect_discarded,CLOSECONTACT,closecontact_dikarantina,closecontact_discarded,probable_discarded,probable_diisolasi,probable_meninggal,CONFIRMATION,confirmation_diisolasi,confirmation_selesai,confirmation_meninggal,suspect_meninggal_harian,closecontact_meninggal_harian
2020-03-01,32,Jawa Barat,0,0,0,0,0,0,0,0,0,2,2,0,0,0,0
2020-03-02,32,Jawa Barat,0,0,0,0,0,0,0,0,0,0,0,0,0,0,0
2020-03-03,32,Jawa Barat,0,0,0,0,0,0,0,0,0,0,0,0,1,0,0
2020-03-04,32,Jawa Barat,0,0,0,0,0,0,0,0,0,2,2,0,0,0,0
2020-03-05,32,Jawa Barat,0,0,0,0,0,0,0,0,0,0,0,0,0,0,0
2020-03-06,32,Jawa Barat,0,0,0,0,0,0,0,0,0,0,0,0,0,0,0
2020-03-07,32,Jawa Barat,0,0,0,0,0,0,0,0,0,0,0,0,0,0,0
2020-03-08,32,Jawa Barat,0,0,0,0,0,0,0,0,0,1,1,0,0,0,0
2020-03-09,32,Jawa Barat,0,0,0,0,0,0,0,0,0,0,0,0,0,0,0
2020-03-10,32,Jawa Barat,0,0,0,0,0,0,0,0,0,1,1,0,0,0,0
2020-03-11,32,Jawa Barat,0,0,0,0,0,0,0,0,0,0,0,0,1,0,0
2020-03-12,32,Jawa Barat,0,0,0,0,0,0,0,0,0,1,1,0,0,0,0
2020-03-13,32,Jawa Barat,0,0,0,0,0,0,0,0,0,5,1,4,0,0,0
2020-03-14,32,Jawa Barat,0,0,0,0,0,0,0,0,0,0,0,0,0,0,0
2020-03-15,32,Jawa Barat,0,0,0,0,0,0,0,0,0,3,3,0,0,0,0
2020-03-16,32,Jawa Barat,0,0,0,0,0,0,0,0,0,0,0,0,0,0,0
2020-03-17,32,Jawa Barat,0,0,0,0,0,0,0,0,0,12,12,0,0,0,0
2020-03-18,32,Jawa Barat,0,0,0,0,0,0,0,0,0,2,0,1,1,0,0
2020-03-19,32,Jawa Barat,0,0,0,0,0,0,0,0,0,8,7,0,1,0,0
2020-03-20,32,Jawa Barat,0,0,0,0,0,0,0,0,0,9,7,0,2,0,0
2020-03-21,32,Jawa Barat,0,0,0,0,0,0,0,0,0,6,6,0,0,0,0
2020-03-22,32,Jawa Barat,0,0,0,0,0,0,0,0,0,3,0,0,3,0,0
2020-03-23,32,Jawa Barat,0,0,0,0,0,0,0,0,0,7,5,0,2,0,0
2020-03-24,32,Jawa Barat,0,0,0,0,0,0,0,0,0,1,0,1,0,0,0
2020-03-25,32,Jawa Barat,0,0,0,0,0,0,0,0,0,4,4,0,0,0,0
2020-03-26,32,Jawa Barat,0,0,0,0,0,0,0,0,0,6,6,0,0,0,0
2020-03-27,32,Jawa Barat,0,0,0,0,0,0,0,0,0,28,25,0,3,0,0
2020-03-28,32,Jawa Barat,0,0,0,0,0,0,0,0,0,22,15,5,2,0,0
2020-03-29,32,Jawa Barat,0,0,0,0,0,0,0,0,0,28,25,1,2,0,0
2020-03-30,32,Jawa Barat,0,0,0,0,0,0,0,0,0,26,23,3,0,0,0
2020-03-31,32,Jawa Barat,0,0,0,0,0,0,0,0,0,9,9,0,0,0,0
2020-04-01,32,Jawa Barat,0,0,0,0,0,0,0,0,0,26,18,3,5,0,0
2020-04-02,32,Jawa Barat,0,0,0,0,0,0,0,0,0,16,11,1,4,0,0
2020-04-03,32,Jawa Barat,0,0,0,0,0,0,0,0,0,2,1,0,1,0,0
2020-04-04,32,Jawa Barat,0,0,0,0,0,0,0,0,0,19,17,0,2,0,0
2020-04-05,32,Jawa Barat,0,0,0,0,0,0,0,0,0,6,6,0,0,0,0
2020-04-06,32,Jawa Barat,0,0,0,0,0,0,0,0,0,11,9,1,1,0,0
2020-04-07,32,Jawa Barat,0,0,0,0,0,0,0,0,0,77,74,3,0,0,0
2020-04-08,32,Jawa Barat,0,0,0,0,0,0,0,0,0,21,15,1,5,0,0
2020-04-09,32,Jawa Barat,0,0,0,0,0,0,0,0,0,10,2,2,6,0,0
2020-04-10,32,Jawa Barat,0,0,0,0,0,0,0,0,0,10,10,0,0,0,0
2020-04-11,32,Jawa Barat,0,0,0,0,0,0,0,0,0,34,34,0,0,0,0
2020-04-12,32,Jawa Barat,0,0,0,0,0,0,0,0,0,30,25,1,4,0,0
2020-04-13,32,Jawa Barat,0,0,0,0,0,0,0,0,0,99,86,4,9,0,0
2020-04-14,32,Jawa Barat,0,0,0,0,0,0,0,0,0,3,2,1,0,0,0
2020-04-15,32,Jawa Barat,0,0,0,0,0,0,0,0,0,29,27,1,1,0,0
2020-04-16,32,Jawa Barat,0,0,0,0,0,0,0,0,0,12,4,7,1,0,0
2020-04-17,32,Jawa Barat,0,0,0,0,0,0,0,0,0,60,42,15,3,0,0
2020-04-18,32,Jawa Barat,0,0,0,0,0,0,0,0,0,9,9,0,0,0,0
2020-04-19,32,Jawa Barat,0,0,0,0,0,0,0,0,0,54,48,5,1,0,0
2020-04-20,32,Jawa Barat,0,0,0,0,0,0,0,0,0,29,22,4,3,0,0
2020-04-21,32,Jawa Barat,0,0,0,0,0,0,0,0,0,9,0,19,5,0,0
2020-04-22,32,Jawa Barat,0,0,0,0,0,0,0,0,0,6,0,4,3,0,0
2020-04-23,32,Jawa Barat,0,0,0,0,0,0,0,0,0,23,12,8,3,0,0
2020-04-24,32,Jawa Barat,0,0,0,0,0,0,0,0,0,74,69,3,2,0,0
2020-04-25,32,Jawa Barat,0,0,0,0,0,0,0,0,0,44,42,2,0,0,0
2020-04-26,32,Jawa Barat,0,0,0,0,0,0,0,0,0,11,11,0,0,0,0
2020-04-27,32,Jawa Barat,0,0,0,0,0,0,0,0,0,39,35,3,1,0,0
2020-04-28,32,Jawa Barat,0,0,0,0,0,0,0,0,0,19,15,3,1,0,0
2020-04-29,32,Jawa Barat,0,0,0,0,0,0,0,0,0,38,34,4,0,0,0
2020-04-30,32,Jawa Barat,0,0,0,0,0,0,0,0,0,4,0,37,4,0,0
2020-05-01,32,Jawa Barat,0,0,0,0,0,0,0,0,0,0,0,2,0,0,0
2020-05-02,32,Jawa Barat,0,0,0,0,0,0,0,0,0,31,28,2,1,0,0
2020-05-03,32,Jawa Barat,0,0,0,0,0,0,0,0,0,11,6,4,1,0,0
2020-05-04,32,Jawa Barat,0,0,0,0,0,0,0,0,0,196,188,7,1,0,0
2020-05-05,32,Jawa Barat,0,0,0,0,0,0,0,0,0,48,39,8,1,0,0
2020-05-06,32,Jawa Barat,0,0,0,0,0,0,0,0,0,20,7,10,3,0,0
2020-05-07,32,Jawa Barat,0,0,0,0,0,0,0,0,0,61,56,5,0,0,0
2020-05-08,32,Jawa Barat,0,0,0,0,0,0,0,0,0,23,19,2,2,0,0
2020-05-09,32,Jawa Barat,0,0,0,0,0,0,0,0,0,31,10,18,3,0,0
2020-05-10,32,Jawa Barat,0,0,0,0,0,0,0,0,0,0,0,0,0,0,0
2020-05-11,32,Jawa Barat,0,0,0,0,0,0,0,0,0,55,41,11,3,0,0
2020-05-12,32,Jawa Barat,0,0,0,0,0,0,0,0,0,56,56,0,0,0,0
2020-05-13,32,Jawa Barat,0,0,0,0,0,0,0,0,0,8,0,24,0,0,0
2020-05-14,32,Jawa Barat,0,0,0,0,0,0,0,0,0,9,3,5,1,0,0
2020-05-15,32,Jawa Barat,0,0,0,0,0,0,0,0,0,31,13,17,1,0,0
2020-05-16,32,Jawa Barat,0,0,0,0,0,0,0,0,0,25,24,1,0,0,0
2020-05-17,32,Jawa Barat,0,0,0,0,0,0,0,0,0,31,0,58,10,0,0
2020-05-18,32,Jawa Barat,0,0,0,0,0,0,0,0,0,27,0,77,13,0,0
2020-05-19,32,Jawa Barat,0,0,0,0,0,0,0,0,0,21,6,14,1,0,0
2020-05-20,32,Jawa Barat,0,0,0,0,0,0,0,0,0,176,175,1,0,0,0
2020-05-21,32,Jawa Barat,0,0,0,0,0,0,0,0,0,86,76,10,0,0,0
2020-05-22,32,Jawa Barat,0,0,0,0,0,0,0,0,0,40,29,10,1,0,0
2020-05-23,32,Jawa Barat,0,0,0,0,0,0,0,0,0,43,3,38,2,0,0
2020-05-24,32,Jawa Barat,0,0,0,0,0,0,0,0,0,46,37,8,1,0,0
2020-05-25,32,Jawa Barat,0,0,0,0,0,0,0,0,0,22,22,0,0,0,0
2020-05-26,32,Jawa Barat,0,0,0,0,0,0,0,0,0,17,0,26,9,0,0
2020-05-27,32,Jawa Barat,0,0,0,0,0,0,0,0,0,27,0,36,5,0,0
2020-05-28,32,Jawa Barat,0,0,0,0,0,0,0,0,0,25,0,45,0,0,0
2020-05-29,32,Jawa Barat,0,0,0,0,0,0,0,0,0,32,26,6,0,0,0
2020-05-30,32,Jawa Barat,0,0,0,0,0,0,0,0,0,20,0,24,2,0,0
2020-05-31,32,Jawa Barat,0,0,0,0,0,0,0,0,0,30,27,3,0,0,0
2020-06-01,32,Jawa Barat,0,0,0,0,0,0,0,0,0,37,37,0,0,0,0
2020-06-02,32,Jawa Barat,0,0,0,0,0,0,0,0,0,18,0,29,7,0,0
2020-06-03,32,Jawa Barat,0,0,0,0,0,0,0,0,0,30,0,53,3,0,0
2020-06-04,32,Jawa Barat,0,0,0,0,0,0,0,0,0,8,0,18,1,0,0
2020-06-05,32,Jawa Barat,0,0,0,0,0,0,0,0,0,12,0,44,3,0,0
2020-06-06,32,Jawa Barat,0,0,0,0,0,0,0,0,0,10,0,15,0,0,0
2020-06-07,32,Jawa Barat,0,0,0,0,0,0,0,0,0,28,0,99,0,0,0
2020-06-08,32,Jawa Barat,0,0,0,0,0,0,0,0,0,20,0,74,3,0,0
2020-06-09,32,Jawa Barat,0,0,0,0,0,0,0,0,0,33,22,11,0,0,0
2020-06-10,32,Jawa Barat,0,0,0,0,0,0,0,0,0,51,18,33,0,0,0
2020-06-11,32,Jawa Barat,0,0,0,0,0,0,0,0,0,46,25,21,0,0,0
2020-06-12,32,Jawa Barat,0,0,0,0,0,0,0,0,0,18,0,41,0,0,0
2020-06-13,32,Jawa Barat,0,0,0,0,0,0,0,0,0,15,0,35,0,0,0
2020-06-14,32,Jawa Barat,0,0,0,0,0,0,0,0,0,17,0,43,0,0,0
2020-06-15,32,Jawa Barat,0,0,0,0,0,0,0,0,0,19,11,7,1,0,0
2020-06-16,32,Jawa Barat,0,0,0,0,0,0,0,0,0,39,30,9,0,0,0
2020-06-17,32,Jawa Barat,0,0,0,0,0,0,0,0,0,44,11,26,7,0,0
2020-06-18,32,Jawa Barat,0,0,0,0,0,0,0,0,0,53,0,54,2,0,0
2020-06-19,32,Jawa Barat,0,0,0,0,0,0,0,0,0,49,19,30,0,0,0
2020-06-20,32,Jawa Barat,0,0,0,0,0,0,0,0,0,18,18,0,0,0,0
2020-06-21,32,Jawa Barat,0,0,0,0,0,0,0,0,0,20,18,2,0,0,0
2020-06-22,32,Jawa Barat,0,0,0,0,0,0,0,0,0,21,0,24,0,0,0
2020-06-23,32,Jawa Barat,0,0,0,0,0,0,0,0,0,34,4,30,0,0,0
2020-06-24,32,Jawa Barat,0,0,0,0,0,0,0,0,0,41,32,9,0,0,0
2020-06-25,32,Jawa Barat,0,0,0,0,0,0,0,0,0,36,0,62,2,0,0
2020-06-26,32,Jawa Barat,0,0,0,0,0,0,0,0,0,37,0,110,2,0,0
2020-06-27,32,Jawa Barat,0,0,0,0,0,0,0,0,0,47,32,15,0,0,0
2020-06-28,32,Jawa Barat,0,0,0,0,0,0,0,0,0,30,23,7,0,0,0
2020-06-29,32,Jawa Barat,0,0,0,0,0,0,0,0,0,48,46,2,0,0,0
2020-06-30,32,Jawa Barat,0,0,0,0,0,0,0,0,0,85,0,85,1,0,0
2020-07-01,32,Jawa Barat,0,0,0,0,0,0,0,0,0,58,42,15,1,0,0
2020-07-02,32,Jawa Barat,0,0,0,0,0,0,0,0,0,66,23,43,0,0,0
2020-07-03,32,Jawa Barat,0,0,0,0,0,0,0,0,0,29,24,5,0,0,0
2020-07-04,32,Jawa Barat,0,0,0,0,0,0,0,0,0,93,76,17,0,0,0
2020-07-05,32,Jawa Barat,0,0,0,0,0,0,0,0,0,106,91,15,0,0,0
2020-07-06,32,Jawa Barat,0,0,0,0,0,0,0,0,0,126,109,16,1,0,0
2020-07-07,32,Jawa Barat,0,0,0,0,0,0,0,0,0,82,35,45,2,0,0
2020-07-08,32,Jawa Barat,0,0,0,0,0,0,0,0,0,99,76,21,2,0,0
2020-07-09,32,Jawa Barat,0,0,0,0,0,0,0,0,0,965,934,27,4,0,0
2020-07-10,32,Jawa Barat,0,0,0,0,0,0,0,0,0,108,80,28,0,0,0
2020-07-11,32,Jawa Barat,0,0,0,0,0,0,0,0,0,73,45,28,0,0,0
2020-07-12,32,Jawa Barat,0,0,0,0,0,0,0,0,0,50,40,10,0,0,0
2020-07-13,32,Jawa Barat,0,0,0,0,0,0,0,0,0,84,65,19,0,0,0
2020-07-14,32,Jawa Barat,0,0,0,0,0,0,0,0,0,74,46,28,0,0,0
2020-07-15,32,Jawa Barat,0,0,0,0,0,0,0,0,0,75,0,141,1,0,0
2020-07-16,32,Jawa Barat,0,0,0,0,0,0,0,0,0,39,1,38,0,0,0
2020-07-17,32,Jawa Barat,0,0,0,0,0,0,0,0,0,52,10,41,1,0,0
2020-07-18,32,Jawa Barat,0,0,0,0,0,0,0,0,0,60,27,31,2,0,0
2020-07-19,32,Jawa Barat,0,0,0,0,0,0,0,0,0,27,23,4,0,0,0
2020-07-20,32,Jawa Barat,0,0,0,0,0,0,0,0,0,110,0,139,5,0,0
2020-07-21,32,Jawa Barat,0,0,0,0,0,0,0,0,0,111,25,80,6,0,0
2020-07-22,32,Jawa Barat,0,0,0,0,0,0,0,0,0,55,9,42,4,0,0
2020-07-23,32,Jawa Barat,0,0,0,0,0,0,0,0,0,60,46,13,1,0,0
2020-07-24,32,Jawa Barat,0,0,0,0,0,0,0,0,0,91,72,19,0,0,0
2020-07-25,32,Jawa Barat,0,0,0,0,0,0,0,0,0,73,39,34,0,0,0
2020-07-26,32,Jawa Barat,0,0,0,0,0,0,0,0,0,51,28,23,0,0,0
2020-07-27,32,Jawa Barat,0,0,0,0,0,0,0,0,0,51,0,412,0,0,0
2020-07-28,32,Jawa Barat,0,0,0,0,0,0,0,0,0,128,0,627,0,0,0
2020-07-29,32,Jawa Barat,0,0,0,0,0,0,0,0,0,96,46,48,2,0,0
2020-07-30,32,Jawa Barat,0,0,0,0,0,0,0,0,0,147,0,334,2,0,0
2020-07-31,32,Jawa Barat,0,0,0,0,0,0,0,0,0,71,54,17,0,0,0
2020-08-01,32,Jawa Barat,0,0,0,0,0,0,0,0,0,52,33,19,0,0,0
2020-08-02,32,Jawa Barat,0,0,0,0,0,0,0,0,0,53,46,7,0,0,0
2020-08-03,32,Jawa Barat,0,0,0,0,0,0,0,0,0,56,8,48,0,0,0
2020-08-04,32,Jawa Barat,0,0,0,0,0,0,0,0,0,94,0,170,6,0,0
2020-08-05,32,Jawa Barat,55659,21270,34389,25597,1815,23782,49,1,405,125,115,10,0,2023,0
2020-08-06,32,Jawa Barat,4558,0,24081,297,153,144,14,34,14,83,50,32,1,16,0
2020-08-07,32,Jawa Barat,41,14,27,45,37,8,0,1,0,152,85,63,4,4,0
2020-08-08,32,Jawa Barat,117,48,69,285,202,83,150,0,23,240,200,37,3,4,0
2020-08-09,32,Jawa Barat,4054,239,3815,142,106,36,2,1,49,179,110,65,4,0,0
2020-08-10,32,Jawa Barat,5369,77,5292,801,387,414,2,0,0,33,6,27,0,25,0
2020-08-11,32,Jawa Barat,77,16,61,588,232,356,3,23,10,95,52,39,4,28,0
2020-08-12,32,Jawa Barat,103,62,41,1316,1008,308,20,0,6,109,37,71,1,28,0
2020-08-13,32,Jawa Barat,165,2,163,343,266,77,1,1,0,111,81,29,1,23,0
2020-08-14,32,Jawa Barat,110,96,14,631,75,556,0,4,3,361,351,8,2,18,0
2020-08-15,32,Jawa Barat,226,0,399,1570,1517,53,3,1,1,237,201,36,0,7,0
2020-08-16,32,Jawa Barat,85,2,83,440,0,497,0,0,0,83,40,41,2,1,0
2020-08-17,32,Jawa Barat,82,5,77,826,713,113,0,5,0,45,0,45,1,0,0
2020-08-18,32,Jawa Barat,63,0,75,248,156,92,1,3,1,45,29,16,0,0,0
2020-08-19,32,Jawa Barat,29,0,46,535,240,295,1,0,1,104,52,48,4,30,0
2020-08-20,32,Jawa Barat,87,0,95,324,8,316,3,2,16,199,126,71,2,18,0
2020-08-21,32,Jawa Barat,152,42,110,312,71,241,4,11,4,93,0,122,8,10,0
2020-08-22,32,Jawa Barat,65,0,154,44,0,163,0,0,0,134,0,181,6,9,0
2020-08-23,32,Jawa Barat,107,63,44,251,32,219,0,0,5,68,0,517,1,25,0
2020-08-24,32,Jawa Barat,190,25,165,737,214,523,2,9,0,137,0,208,2,0,0
2020-08-25,32,Jawa Barat,48,0,60,333,0,707,4,0,1,250,244,5,1,32,0
2020-08-26,32,Jawa Barat,73,53,20,345,270,75,0,8,1,178,148,30,0,19,0
2020-08-27,32,Jawa Barat,144,22,122,875,7,868,35,0,4,154,68,86,0,7,0
2020-08-28,32,Jawa Barat,116,41,75,255,112,143,0,0,2,526,457,67,2,20,0
2020-08-29,32,Jawa Barat,103,48,55,866,559,307,1,7,1,287,279,8,0,1,0
2020-08-30,32,Jawa Barat,73,19,54,144,113,31,0,3,0,103,82,21,0,8,0
2020-08-31,32,Jawa Barat,30,5,25,420,339,81,1,0,1,145,80,57,8,14,0
2020-09-01,32,Jawa Barat,148,4,144,434,121,313,0,0,3,215,161,52,2,0,0
2020-09-02,32,Jawa Barat,111,0,112,251,0,262,8,0,8,203,65,137,1,53,0
2020-09-03,32,Jawa Barat,158,0,386,1239,0,3193,0,2,5,238,204,30,4,20,0
2020-09-04,32,Jawa Barat,113,0,131,495,0,642,0,0,2,385,298,86,1,23,0
2020-09-05,32,Jawa Barat,700,106,594,169,63,106,0,0,1,228,183,45,0,15,0
2020-09-06,32,Jawa Barat,136,0,323,217,31,186,10,0,0,173,119,54,0,15,0
2020-09-07,32,Jawa Barat,237,26,211,433,166,267,1,2,3,204,116,88,0,23,0
2020-09-08,32,Jawa Barat,143,54,89,433,212,221,26,9,5,336,258,76,2,0,0
2020-09-09,32,Jawa Barat,146,0,164,1346,1120,226,3,4,3,288,237,48,3,22,0
2020-09-10,32,Jawa Barat,95,0,107,365,0,389,5,0,7,335,226,109,0,6,0
2020-09-11,32,Jawa Barat,99,47,52,276,0,382,6,5,3,272,0,286,7,0,0
2020-09-12,32,Jawa Barat,92,0,326,242,0,446,4,0,2,291,0,332,1,10,0
2020-09-13,32,Jawa Barat,207,90,117,354,124,230,18,26,3,157,0,192,5,2,0
2020-09-14,32,Jawa Barat,96,0,140,236,90,146,3,1,1,203,39,164,0,7,0
2020-09-15,32,Jawa Barat,296,47,249,651,284,367,16,0,3,347,85,256,6,7,0
2020-09-16,32,Jawa Barat,181,7,174,567,0,1364,0,0,4,293,79,213,1,13,0
2020-09-17,32,Jawa Barat,89,48,41,652,281,371,1,0,3,353,19,331,3,13,0
2020-09-18,32,Jawa Barat,81,8,73,441,242,199,0,2,0,341,51,288,2,9,0
2020-09-19,32,Jawa Barat,258,105,153,935,663,272,0,1,5,470,0,554,0,7,0
2020-09-20,32,Jawa Barat,422,183,239,938,432,506,21,3,5,427,2,419,6,1,0
2020-09-21,32,Jawa Barat,98,0,114,287,0,395,3,0,2,680,421,257,2,17,0
2020-09-22,32,Jawa Barat,231,89,142,578,0,608,10,13,4,575,0,588,11,12,0
2020-09-23,32,Jawa Barat,227,13,214,594,35,559,2,6,4,516,333,170,13,0,0
2020-09-24,32,Jawa Barat,66,27,39,317,0,480,0,0,1,804,543,249,12,33,0
2020-09-25,32,Jawa Barat,145,28,117,421,0,603,6,10,2,734,0,848,13,11,0
2020-09-26,32,Jawa Barat,162,0,177,1009,593,416,0,10,1,386,0,622,18,4,0
2020-09-27,32,Jawa Barat,88,0,176,488,0,717,13,0,2,437,206,230,1,7,0
2020-09-28,32,Jawa Barat,104,0,193,452,0,816,14,4,1,489,179,307,3,8,0
2020-09-29,32,Jawa Barat,154,14,140,1356,555,801,11,0,5,316,203,98,15,39,0
2020-09-30,32,Jawa Barat,205,111,94,859,273,586,5,1,4,446,61,370,15,7,0
2020-10-01,32,Jawa Barat,151,44,107,797,0,921,13,0,2,559,416,128,15,19,0
2020-10-02,32,Jawa Barat,695,142,553,2501,1842,659,0,1,3,544,344,185,15,15,0
2020-10-03,32,Jawa Barat,151,34,117,420,10,410,0,8,1,343,233,95,15,5,0
2020-10-04,32,Jawa Barat,120,27,93,239,0,478,11,0,10,248,154,79,15,14,0
2020-10-05,32,Jawa Barat,107,0,272,263,14,249,34,0,1,503,0,790,15,8,0
2020-10-06,32,Jawa Barat,177,35,142,1088,442,646,5,2,5,508,291,201,16,9,0
2020-10-07,32,Jawa Barat,295,71,224,541,245,296,3,7,5,752,226,513,13,10,0
2020-10-08,32,Jawa Barat,96,14,82,654,189,465,0,6,0,597,269,325,3,10,0
2020-10-09,32,Jawa Barat,223,21,202,827,0,1154,10,4,4,504,0,563,2,13,0
2020-10-10,32,Jawa Barat,238,0,393,676,0,1188,4,5,5,268,0,378,1,3,0
2020-10-11,32,Jawa Barat,73,0,172,696,0,718,18,0,8,205,0,555,0,6,0
2020-10-12,32,Jawa Barat,26,0,33,384,0,924,0,1,1,286,39,238,9,5,0
2020-10-13,32,Jawa Barat,194,46,148,1012,14,998,4,14,6,565,0,569,0,13,0
2020-10-14,32,Jawa Barat,167,52,115,754,0,794,0,1,2,442,0,524,13,2,0
2020-10-15,32,Jawa Barat,253,98,155,713,156,557,20,0,8,590,279,304,7,8,0
2020-10-16,32,Jawa Barat,203,84,119,1058,233,825,3,3,3,424,37,387,0,4,0
2020-10-17,32,Jawa Barat,221,59,162,358,0,522,0,1,2,500,60,440,0,6,0
2020-10-18,32,Jawa Barat,180,0,267,488,51,437,39,0,1,211,0,345,0,2,0
2020-10-19,32,Jawa Barat,239,67,172,1141,372,769,5,2,3,524,164,339,21,8,0
2020-10-20,32,Jawa Barat,214,34,180,1577,384,1193,5,2,3,472,239,213,20,6,0
2020-10-21,32,Jawa Barat,168,57,111,879,0,1307,4,2,8,657,91,550,16,6,0
2020-10-22,32,Jawa Barat,157,76,81,494,0,823,10,2,1,736,381,332,23,3,0
2020-10-23,32,Jawa Barat,241,56,185,1259,519,740,0,1,2,504,175,319,10,6,0
2020-10-24,32,Jawa Barat,288,0,352,866,0,918,11,0,0,421,0,654,19,4,0
2020-10-25,32,Jawa Barat,199,0,368,1728,372,1356,18,0,9,356,0,467,11,0,0
2020-10-26,32,Jawa Barat,72,52,20,225,0,291,0,2,2,431,0,442,15,5,0
2020-10-27,32,Jawa Barat,305,63,242,1496,0,1574,1,1,3,390,0,555,14,14,0
2020-10-28,32,Jawa Barat,359,3,356,1214,0,1332,29,0,3,403,30,367,6,17,0
2020-10-29,32,Jawa Barat,110,15,95,526,0,597,0,0,3,459,0,492,0,2,0
2020-10-30,32,Jawa Barat,264,69,195,1179,0,1323,5,7,4,320,0,356,4,1,0
2020-10-31,32,Jawa Barat,154,0,195,1056,0,1109,0,1,2,411,121,289,1,5,0
2020-11-01,32,Jawa Barat,248,0,422,759,0,905,5,0,2,245,0,638,2,0,0
2020-11-02,32,Jawa Barat,381,137,244,1400,0,1704,16,0,5,341,0,389,11,15,0
2020-11-03,32,Jawa Barat,232,38,194,990,160,830,2,4,5,484,92,387,5,17,0
2020-11-04,32,Jawa Barat,232,0,253,834,0,1339,1,1,7,516,211,290,15,7,0
2020-11-05,32,Jawa Barat,227,39,188,1754,0,2091,4,1,3,627,238,380,9,8,0
2020-11-06,32,Jawa Barat,123,19,104,720,88,632,0,0,0,587,136,451,0,5,0
2020-11-07,32,Jawa Barat,287,91,196,1527,212,1315,6,6,1,476,14,462,0,8,0
2020-11-08,32,Jawa Barat,34,0,48,112,4,108,0,0,0,479,0,625,1,0,0
2020-11-09,32,Jawa Barat,449,0,806,1741,0,2076,1,2,9,330,0,920,2,12,0
2020-11-10,32,Jawa Barat,254,0,367,1309,259,1050,16,0,5,748,0,905,5,7,0
2020-11-11,32,Jawa Barat,48,26,22,17,0,33,0,1,1,668,229,434,5,0,0
2020-11-12,32,Jawa Barat,23,0,31,125,47,78,0,0,0,733,188,524,21,0,0
2020-11-13,32,Jawa Barat,1156,241,915,3796,1248,2548,12,3,2,801,414,380,7,0,0
2020-11-14,32,Jawa Barat,325,112,213,854,452,402,13,5,3,809,335,472,2,33,0
2020-11-15,32,Jawa Barat,153,0,160,522,40,482,2,3,1,309,0,1023,0,0,0
2020-11-16,32,Jawa Barat,182,0,182,1049,525,524,4,0,12,558,0,724,23,12,0
2020-11-17,32,Jawa Barat,637,42,595,3025,233,2792,12,0,2,648,0,797,23,0,0
2020-11-18,32,Jawa Barat,743,76,667,1182,539,643,2,0,8,365,0,777,4,18,0
2020-11-19,32,Jawa Barat,187,14,173,1468,666,802,3,4,7,394,0,440,9,0,0
2020-11-20,32,Jawa Barat,187,0,201,1792,78,1768,29,3,4,872,0,1026,2,0,0
2020-11-21,32,Jawa Barat,381,200,181,1810,736,1020,4,1,4,364,0,630,0,0,0
2020-11-22,32,Jawa Barat,232,121,111,399,0,448,73,3,3,372,0,693,1,0,0
2020-11-23,32,Jawa Barat,155,0,169,603,0,832,1,1,3,602,0,1013,2,0,0
2020-11-24,32,Jawa Barat,753,337,416,2879,1369,1510,9,1,2,299,0,428,4,0,0
2020-11-25,32,Jawa Barat,349,153,196,2386,470,1916,32,0,2,741,0,768,6,0,0
2020-11-26,32,Jawa Barat,493,189,304,1364,0,1445,29,0,4,776,60,712,4,0,0
2020-11-27,32,Jawa Barat,529,218,311,1737,346,1391,12,9,2,699,0,782,5,0,0
2020-11-28,32,Jawa Barat,387,92,295,1159,308,851,2,4,10,367,0,858,5,0,0
2020-11-29,32,Jawa Barat,476,164,314,2718,348,2370,18,0,0,228,0,774,6,0,0
2020-11-30,32,Jawa Barat,229,0,333,1035,0,1067,0,6,10,741,29,701,11,0,0
2020-12-01,32,Jawa Barat,515,170,345,1623,0,1809,2,2,8,878,149,716,13,0,0
2020-12-02,32,Jawa Barat,370,75,295,2818,717,2101,4,2,5,764,374,386,4,0,0
2020-12-03,32,Jawa Barat,354,0,381,1072,52,1020,3,2,3,1648,1374,253,21,0,0
2020-12-04,32,Jawa Barat,378,0,517,1402,0,1982,5,0,3,992,609,379,4,0,0
2020-12-05,32,Jawa Barat,303,1,302,1261,565,696,14,0,1,1086,397,685,4,0,0
2020-12-06,32,Jawa Barat,496,57,439,1545,0,1733,13,1,5,1388,256,1125,7,0,0
2020-12-07,32,Jawa Barat,368,26,342,1274,0,1460,1,2,7,1171,97,1065,9,0,0
2020-12-08,32,Jawa Barat,468,171,297,1270,650,620,3,1,4,731,0,742,6,0,0
2020-12-09,32,Jawa Barat,500,0,782,1660,277,1383,5,3,1,908,346,546,16,0,0
2020-12-10,32,Jawa Barat,282,0,308,1052,440,612,29,0,7,960,145,783,32,0,0
2020-12-11,32,Jawa Barat,409,149,260,1582,0,1724,2,2,7,1029,96,912,21,0,0
2020-12-12,32,Jawa Barat,449,0,486,4253,867,3386,5,0,1,1283,274,1003,6,0,0
2020-12-13,32,Jawa Barat,400,35,365,1245,224,1021,3,0,0,855,216,634,5,0,0
2020-12-14,32,Jawa Barat,1194,617,577,2567,246,2321,0,1,5,600,0,853,15,0,0
2020-12-15,32,Jawa Barat,544,140,404,7965,198,7767,0,0,18,1256,108,1140,8,0,0
2020-12-16,32,Jawa Barat,466,96,370,2393,0,2468,2,2,10,1434,413,1020,1,0,0
2020-12-17,32,Jawa Barat,294,54,240,1883,627,1256,4,9,1,1277,368,898,11,0,0
2020-12-18,32,Jawa Barat,304,79,225,993,128,865,1,1,2,987,55,931,1,0,0
2020-12-19,32,Jawa Barat,397,201,196,1115,354,761,0,2,2,1132,495,636,1,0,0
2020-12-20,32,Jawa Barat,341,61,280,1673,0,2052,16,0,3,1052,0,1186,1,0,0
2020-12-21,32,Jawa Barat,315,85,230,1069,7,1062,2,3,1,716,82,630,4,0,0
2020-12-22,32,Jawa Barat,280,0,460,1076,0,1427,11,0,4,925,151,771,3,0,0
2020-12-23,32,Jawa Barat,611,258,353,1605,0,2609,4,0,0,903,0,955,2,0,0
2020-12-24,32,Jawa Barat,372,205,167,1231,0,2078,4,0,2,702,200,492,10,0,0
2020-12-25,32,Jawa Barat,862,43,819,455,0,630,15,0,0,903,178,725,0,0,0
2020-12-26,32,Jawa Barat,515,93,422,1824,0,3057,0,2,1,601,0,678,0,0,0
2020-12-27,32,Jawa Barat,233,72,161,680,0,1272,4,0,8,892,0,1172,43,0,0
2020-12-28,32,Jawa Barat,229,82,147,1993,220,1773,4,0,5,403,0,832,0,0,0
2020-12-29,32,Jawa Barat,795,163,632,1930,262,1668,17,2,46,1329,169,1158,2,0,0
2020-12-30,32,Jawa Barat,297,0,333,2010,0,2483,8,0,4,1233,23,1208,2,0,0
2020-12-31,32,Jawa Barat,234,168,66,772,80,692,10,1,1,1024,0,1227,11,0,0
2021-01-01,32,Jawa Barat,368,45,323,1406,214,1192,5,1,1,1504,291,1210,3,0,0
2021-01-02,32,Jawa Barat,846,235,611,1491,495,996,7,0,2,1167,250,916,1,0,0
2021-01-03,32,Jawa Barat,132,73,59,605,0,766,2,1,5,1232,113,1117,2,0,0
2021-01-04,32,Jawa Barat,275,19,256,893,0,1431,2,0,5,1079,33,1044,2,0,0
2021-01-05,32,Jawa Barat,315,77,238,1350,0,1818,2,0,11,1100,9,1083,8,0,0
2021-01-06,32,Jawa Barat,543,0,1544,2617,495,2122,0,3,2,1470,96,1363,11,0,0
2021-01-07,32,Jawa Barat,463,0,574,881,105,776,4,0,137,1416,206,1208,2,0,0
2021-01-08,32,Jawa Barat,742,0,760,2519,0,2593,2,3,6,1824,906,914,4,0,0
2021-01-09,32,Jawa Barat,583,219,364,1774,630,1144,0,0,2,1731,546,1179,6,0,0
2021-01-10,32,Jawa Barat,515,30,485,1142,252,890,0,0,0,1468,508,952,8,0,0
2021-01-11,32,Jawa Barat,834,0,878,387,44,343,9,2,14,1475,404,1060,11,0,0
2021-01-12,32,Jawa Barat,578,109,469,2252,360,1892,10,2,5,1540,555,970,15,0,0
2021-01-13,32,Jawa Barat,426,0,633,1439,0,1582,11,0,3,1755,676,1068,11,0,0
2021-01-14,32,Jawa Barat,388,148,240,832,0,1368,147,12,4,2201,820,1370,11,0,0
2021-01-15,32,Jawa Barat,1002,586,416,7807,0,7839,10,2,1,3095,1994,1074,27,0,0
2021-01-16,32,Jawa Barat,372,192,180,1783,278,1505,10,2,1,3460,1275,2143,42,0,0
2021-01-17,32,Jawa Barat,574,6,568,2076,219,1857,10,2,4,1491,0,1582,11,0,0
2021-01-18,32,Jawa Barat,267,0,277,560,0,596,10,0,7,1485,0,1623,28,0,0
2021-01-19,32,Jawa Barat,438,0,658,634,32,602,11,1,3,1684,298,1362,24,0,0
2021-01-20,32,Jawa Barat,434,0,1244,2182,537,1645,12,1,3,1814,317,1484,13,0,0
2021-01-21,32,Jawa Barat,705,70,635,1598,352,1246,10,2,2,1228,0,1584,73,0,0
2021-01-22,32,Jawa Barat,225,54,171,1353,262,1091,1,0,1,2441,1072,1361,8,0,0
2021-01-23,32,Jawa Barat,429,101,328,1482,477,1005,20,3,6,1809,0,2119,16,0,0
2021-01-24,32,Jawa Barat,447,0,478,1473,641,832,10,2,0,2328,553,1767,8,0,0
2021-01-25,32,Jawa Barat,333,73,260,527,88,439,10,2,0,2022,789,1231,2,0,0
2021-01-26,32,Jawa Barat,159,0,174,1094,224,870,2,3,5,3924,1663,2248,13,0,0
2021-01-27,32,Jawa Barat,955,658,297,739,268,471,3,2,4,3198,1292,1800,106,0,0
2021-01-28,32,Jawa Barat,244,0,364,1052,120,932,5,0,1,4532,2042,2290,200,0,0
2021-01-29,32,Jawa Barat,627,239,388,1713,217,1496,5,0,3,3835,1592,2238,5,0,0
2021-01-30,32,Jawa Barat,435,67,368,1445,324,1121,2,0,6,4601,1931,2643,27,0,0
2021-01-31,32,Jawa Barat,504,0,511,1299,0,1541,1,2,3,2848,326,2460,62,0,0
2021-02-01,32,Jawa Barat,275,0,294,1210,150,1060,0,4,3,2966,414,2547,5,0,0
2021-02-02,32,Jawa Barat,931,0,1674,1070,17,1053,3,0,4,2068,0,2310,48,0,0
2021-02-03,32,Jawa Barat,313,39,274,1761,0,1812,1,2,4,2241,341,1890,10,0,0
2021-02-04,32,Jawa Barat,219,38,181,1496,96,1400,0,4,1,2020,0,2366,10,0,0
2021-02-05,32,Jawa Barat,289,0,363,1704,0,2057,3,1,3,2117,0,2674,28,0,0
2021-02-06,32,Jawa Barat,244,0,308,1699,358,1341,0,2,2,3971,850,3117,4,0,0
2021-02-07,32,Jawa Barat,282,57,225,1436,223,1213,5,0,1,1988,0,2100,2,0,0
2021-02-08,32,Jawa Barat,90,55,35,592,0,787,2,4,0,1500,0,3135,12,0,0
2021-02-09,32,Jawa Barat,1087,0,1317,4392,643,3749,3,1,1,775,0,2216,17,0,0
2021-02-10,32,Jawa Barat,277,98,179,1861,225,1636,4,3,1,660,0,1059,16,0,0
2021-02-11,32,Jawa Barat,454,80,374,2493,40,2453,4,1,1,1059,0,1127,18,0,0
2021-02-12,32,Jawa Barat,171,41,130,1193,249,944,8,2,0,683,0,1582,5,0,0
2021-02-13,32,Jawa Barat,166,61,105,758,5,753,10,1,0,1737,0,2483,2,0,0
2021-02-14,32,Jawa Barat,137,0,248,437,31,406,10,0,0,882,0,1694,4,0,0
2021-02-15,32,Jawa Barat,226,0,320,624,0,851,10,0,1,947,0,1265,5,0,0
2021-02-16,32,Jawa Barat,330,18,312,1081,0,1354,10,0,1,4032,1918,2100,14,0,0
2021-02-17,32,Jawa Barat,149,0,284,1215,594,621,10,3,0,4124,1418,2703,3,0,0
2021-02-18,32,Jawa Barat,226,0,260,1318,0,1321,10,4,0,4420,1162,3249,9,0,0
2021-02-19,32,Jawa Barat,187,83,104,927,342,585,10,4,2,3847,1171,2651,25,0,0
2021-02-20,32,Jawa Barat,364,29,335,679,0,691,24,9,3,975,0,1528,5,0,0
2021-02-21,32,Jawa Barat,103,47,56,1008,143,865,0,0,1,1021,0,1623,4,0,0
2021-02-22,32,Jawa Barat,90,0,104,927,142,785,11,0,2,3812,964,2832,16,0,0
2021-02-23,32,Jawa Barat,192,2,190,772,0,843,13,0,1,4334,2262,2049,23,0,0
2021-02-24,32,Jawa Barat,750,110,640,910,469,441,6,5,1,2191,805,1379,7,0,0
2021-02-25,32,Jawa Barat,168,0,190,623,310,313,9,3,2,2546,1407,1066,73,0,0
2021-02-26,32,Jawa Barat,272,91,181,812,0,871,5,7,1,2314,1439,868,7,0,0
2021-02-27,32,Jawa Barat,172,67,105,709,111,598,33,2,13,876,220,651,5,0,0
2021-02-28,32,Jawa Barat,228,35,193,366,0,707,5,3,1,770,185,534,51,0,0
2021-03-01,32,Jawa Barat,143,75,68,235,0,635,9,1,0,1662,0,1692,4,0,0
2021-03-02,32,Jawa Barat,232,0,888,1503,0,4743,0,0,1,1655,0,2239,49,0,0
2021-03-03,32,Jawa Barat,2101,45,2056,926,0,1469,24,0,2,1894,0,2233,49,0,0
2021-03-04,32,Jawa Barat,261,42,219,1201,130,1071,14,0,3,1731,469,1217,45,0,0
2021-03-05,32,Jawa Barat,121,84,37,1270,386,884,11,2,1,1786,81,1698,7,0,0
2021-03-06,32,Jawa Barat,304,110,194,1145,310,835,10,0,2,1094,0,1325,1,0,0
2021-03-07,32,Jawa Barat,157,98,59,1117,241,876,5,0,3,1366,826,538,2,0,0
2021-03-08,32,Jawa Barat,89,0,199,152,0,648,15,0,0,1739,0,1909,72,0,0
2021-03-09,32,Jawa Barat,71,0,198,1100,278,822,8,0,6,1787,760,977,50,0,0
2021-03-10,32,Jawa Barat,339,267,72,1068,151,917,5,0,5,1570,301,1245,24,0,0
2021-03-11,32,Jawa Barat,294,72,222,1075,0,1077,11,0,1,781,0,4212,6,0,0
2021-03-12,32,Jawa Barat,322,79,243,772,44,728,5,0,1,1357,0,2482,43,0,0
2021-03-13,32,Jawa Barat,279,81,198,1197,446,751,3,0,2,925,0,1591,2,0,0
2021-03-14,32,Jawa Barat,164,4,160,497,0,832,4,0,0,1133,181,946,6,0,0
2021-03-15,32,Jawa Barat,108,35,73,164,0,368,0,0,1,1334,0,1572,20,0,0
2021-03-16,32,Jawa Barat,443,40,403,1007,92,915,5,0,0,1617,0,2121,35,0,0
2021-03-17,32,Jawa Barat,252,14,238,1055,301,754,7,2,1,1347,0,4150,36,0,0
2021-03-18,32,Jawa Barat,5920,0,6313,18615,0,19631,0,0,2,1261,47,1170,44,0,0
2021-03-19,32,Jawa Barat,514,0,890,2025,134,1891,8,1,1,1361,370,957,34,0,0
2021-03-20,32,Jawa Barat,0,0,0,12259,1107,11152,273,22,1,822,0,1712,7,0,0
2021-03-21,32,Jawa Barat,5069,0,4836,27157,0,30187,0,0,0,517,0,1325,21,0,0
2021-03-22,32,Jawa Barat,513,97,416,1034,0,2333,10,6,2,1253,152,1053,48,0,0
2021-03-23,32,Jawa Barat,128,0,157,562,0,760,9,1,0,1216,0,1394,41,0,0
2021-03-24,32,Jawa Barat,595,0,611,2354,111,2243,11,2,0,1329,0,2469,7,0,0
2021-03-25,32,Jawa Barat,1532,0,1609,5450,0,5523,85,13,34,1172,13,1147,12,0,0
2021-03-26,32,Jawa Barat,335,227,108,726,0,764,3,8,0,855,0,1495,1,0,0
2021-03-27,32,Jawa Barat,523,6,517,2324,0,2332,32,0,3,476,0,1182,102,0,0
2021-03-28,32,Jawa Barat,421,46,375,1069,0,1819,8,0,6,534,0,839,7,0,0
2021-03-29,32,Jawa Barat,85,14,71,324,0,543,9,0,4,1610,234,1370,6,0,0
2021-03-30,32,Jawa Barat,206,0,291,2434,0,2588,20,0,8,911,0,1042,8,0,0
2021-03-31,32,Jawa Barat,839,83,756,2693,469,2224,27,0,3,975,247,722,6,0,0
2021-04-01,32,Jawa Barat,324,68,256,1086,121,965,25,0,1,904,0,1157,75,0,0
2021-04-02,32,Jawa Barat,138,0,228,486,0,586,15,0,0,661,173,483,5,0,0
2021-04-03,32,Jawa Barat,191,0,197,664,0,814,0,0,0,360,0,389,5,0,0
2021-04-04,32,Jawa Barat,121,15,106,406,23,383,0,0,1,338,40,294,4,0,0
2021-04-05,32,Jawa Barat,115,0,192,242,0,323,0,0,1,910,213,692,5,0,0
2021-04-06,32,Jawa Barat,480,0,576,1723,0,2526,62,0,3,964,251,644,69,0,0
2021-04-07,32,Jawa Barat,146,0,300,831,0,945,1,2,0,811,74,735,2,0,0
2021-04-08,32,Jawa Barat,54,0,151,417,0,547,0,0,0,673,0,1182,13,0,0
2021-04-09,32,Jawa Barat,571,8,563,1759,0,2115,42,6,3,931,457,452,22,0,0
2021-04-10,32,Jawa Barat,448,0,1147,593,0,898,0,0,0,997,513,477,7,0,0
2021-04-11,32,Jawa Barat,260,0,485,794,0,1221,1,0,1,747,77,665,5,0,0
2021-04-12,32,Jawa Barat,8401,0,8777,650,0,923,33,0,2,1470,1093,352,25,0,0
2021-04-13,32,Jawa Barat,246,0,285,810,0,1338,10,0,1,1456,360,1073,23,0,0
2021-04-14,32,Jawa Barat,275,23,252,723,0,1690,0,3,0,1568,882,669,17,0,0
2021-04-15,32,Jawa Barat,290,0,421,669,0,1456,16,0,1,1216,0,1351,42,0,0
2021-04-16,32,Jawa Barat,0,0,0,0,0,0,0,0,0,998,381,612,5,0,0
2021-04-17,32,Jawa Barat,2574,0,2757,1775,0,1935,33,0,6,832,127,696,9,0,0
2021-04-18,32,Jawa Barat,440,111,329,637,0,767,6,0,0,769,353,407,9,0,0
2021-04-19,32,Jawa Barat,354,0,362,6658,0,7220,9,3,5,1421,560,853,8,0,0
2021-04-20,32,Jawa Barat,123,23,100,328,0,474,4,5,2,1399,735,649,15,0,0
2021-04-21,32,Jawa Barat,301,55,246,461,0,472,11,0,0,1004,0,2308,44,0,0
2021-04-22,32,Jawa Barat,542,37,505,1394,69,1325,12,0,1,1358,0,1338,28,0,0
2021-04-23,32,Jawa Barat,414,48,366,368,14,354,6,0,1,1066,12,1031,23,0,0
2021-04-24,32,Jawa Barat,0,0,0,0,0,0,0,0,0,630,0,990,23,0,0
2021-04-25,32,Jawa Barat,274,21,253,1074,126,948,13,0,0,683,279,397,7,0,0
2021-04-26,32,Jawa Barat,874,0,876,1308,77,1231,7,3,4,1941,1090,835,16,0,0
2021-04-27,32,Jawa Barat,142,19,123,430,0,622,5,0,1,1164,301,846,17,0,0
2021-04-28,32,Jawa Barat,317,208,109,725,112,613,5,0,1,1354,309,1031,14,0,0
2021-04-29,32,Jawa Barat,130,0,162,839,243,596,10,0,0,1119,0,1145,25,0,0
2021-04-30,32,Jawa Barat,327,0,337,1961,223,1738,35,2,4,1179,0,1179,29,0,0
2021-05-01,32,Jawa Barat,57,0,63,367,44,323,2,1,0,754,0,760,5,0,0
2021-05-02,32,Jawa Barat,142,27,115,438,168,270,7,0,0,672,183,482,7,0,0
2021-05-03,32,Jawa Barat,89,0,89,17877,571,17306,7,0,2,1292,332,944,16,0,0
2021-05-04,32,Jawa Barat,233,32,201,699,0,1058,15,0,0,912,0,1385,24,0,0
2021-05-05,32,Jawa Barat,158,17,141,738,243,495,0,3,1,995,0,1287,25,0,0
2021-05-06,32,Jawa Barat,556,24,532,955,0,1351,5,0,2,1038,0,1588,6,0,0
2021-05-07,32,Jawa Barat,201,35,166,1211,0,1290,5,0,1,1953,585,1333,35,0,0
2021-05-08,32,Jawa Barat,73,0,104,194,0,328,0,2,0,2209,221,1984,4,0,0
2021-05-09,32,Jawa Barat,259,29,230,781,92,689,6,2,0,492,0,557,8,0,0
2021-05-10,32,Jawa Barat,129,0,193,529,128,401,1,1,0,1070,0,2304,16,0,0
2021-05-11,32,Jawa Barat,105,0,194,383,0,574,4,0,1,1373,282,1073,18,0,0
2021-05-12,32,Jawa Barat,166,39,127,387,0,582,0,0,4,814,39,753,22,0,0
2021-05-13,32,Jawa Barat,365,50,315,813,50,763,26,4,5,400,0,601,10,0,0
2021-05-14,32,Jawa Barat,46,0,91,406,0,732,0,0,0,610,0,685,2,0,0
2021-05-15,32,Jawa Barat,4,4,0,23,0,67,0,0,0,723,142,572,9,0,0
2021-05-16,32,Jawa Barat,178,0,353,327,0,762,15,0,3,792,344,442,6,0,0
2021-05-17,32,Jawa Barat,380,0,691,468,0,995,2,4,1,1361,192,1143,26,0,0
2021-05-18,32,Jawa Barat,614,4,610,318,0,524,6,0,0,1119,0,1607,39,0,0
2021-05-19,32,Jawa Barat,214,109,105,786,166,620,0,4,1,1219,0,1522,8,0,0
2021-05-20,32,Jawa Barat,136,0,154,512,0,651,8,2,6,1332,0,1324,14,0,0
2021-05-21,32,Jawa Barat,97,69,28,280,0,367,1,0,0,1085,0,1484,16,0,0
2021-05-22,32,Jawa Barat,458,184,274,1206,188,1018,3,0,1,997,343,639,15,0,0
2021-05-23,32,Jawa Barat,102,0,109,634,0,662,2,0,0,970,251,713,6,0,0
2021-05-24,32,Jawa Barat,111,22,89,195,63,132,1,2,0,1420,0,1450,19,0,0
2021-05-25,32,Jawa Barat,162,0,242,961,0,993,34,0,1,1024,0,1022,13,0,0
2021-05-26,32,Jawa Barat,119,0,120,810,125,685,4,0,0,660,0,662,10,0,0
2021-05-27,32,Jawa Barat,317,122,195,893,559,334,23,6,2,1370,298,1057,15,0,0
2021-05-28,32,Jawa Barat,109,0,113,7855,191,7664,0,0,0,1206,267,921,18,0,0
2021-05-29,32,Jawa Barat,179,83,96,1043,351,692,2,4,2,927,27,893,7,0,0
2021-05-30,32,Jawa Barat,101,82,19,335,260,75,0,0,2,639,148,481,10,0,0
2021-05-31,32,Jawa Barat,253,23,230,1205,240,965,14,0,0,1316,92,1200,24,0,0
2021-06-01,32,Jawa Barat,233,0,245,412,283,129,7,0,0,892,0,2041,10,0,0
2021-06-02,32,Jawa Barat,1513,90,1423,12603,0,12793,40,0,46,930,0,2877,22,0,0
2021-06-03,32,Jawa Barat,118,0,163,361,56,305,0,0,1,1176,0,7641,26,0,0
2021-06-04,32,Jawa Barat,2895,0,2950,851,79,772,0,14,1,952,0,1736,24,0,0
2021-06-05,32,Jawa Barat,799,175,624,1170,306,864,0,0,0,993,275,702,16,0,0
2021-06-06,32,Jawa Barat,57,0,70,198,22,176,0,0,0,869,500,354,15,0,0
2021-06-07,32,Jawa Barat,173,15,158,410,0,609,6,10,2,1790,794,974,22,0,0
2021-06-08,32,Jawa Barat,803,33,770,3134,0,3307,8,9,1,1073,51,996,26,0,0
2021-06-09,32,Jawa Barat,191,7,184,849,197,652,3,6,1,1562,702,850,10,0,0
2021-06-10,32,Jawa Barat,619,348,271,891,203,688,0,1,0,1334,55,1260,19,0,0
2021-06-11,32,Jawa Barat,104,53,51,408,230,178,1,2,3,1302,0,1461,14,0,0
2021-06-12,32,Jawa Barat,282,86,196,1650,731,919,6,0,2,876,96,768,12,0,0
2021-06-13,32,Jawa Barat,332,123,209,1203,512,691,7,41,2,1242,521,712,9,0,0
2021-06-14,32,Jawa Barat,378,102,276,5289,329,4960,3,9,2,1532,0,1753,16,0,0
2021-06-15,32,Jawa Barat,151,125,26,410,296,114,3,5,0,1793,495,1287,11,0,0
2021-06-16,32,Jawa Barat,109,29,80,220,0,380,3,0,1,2599,1073,1511,15,0,0
2021-06-17,32,Jawa Barat,183,0,184,462,0,497,8,16,1,2800,1687,1096,17,0,0
2021-06-18,32,Jawa Barat,443,164,279,3385,1683,1702,0,0,3,2791,1450,1292,49,0,0
2021-06-19,32,Jawa Barat,2031,607,1424,3095,1533,1562,9,30,7,2104,1043,1046,15,0,0
2021-06-20,32,Jawa Barat,440,200,240,1204,500,704,0,0,4,2009,974,973,62,0,0
2021-06-21,32,Jawa Barat,464,311,153,791,0,1088,19,34,1,2719,1446,1245,28,0,0
2021-06-22,32,Jawa Barat,1425,813,612,2050,729,1321,5,7,5,3432,2369,994,69,0,0
2021-06-23,32,Jawa Barat,414,66,348,1098,239,859,7,0,10,2910,1842,1030,38,0,0
2021-06-24,32,Jawa Barat,216,63,153,489,23,466,1,13,1,3053,1304,1667,82,0,0
2021-06-25,32,Jawa Barat,222,77,145,758,284,474,6,7,4,3846,2502,1260,84,0,0
2021-06-26,32,Jawa Barat,887,361,526,11087,2430,8657,48,7,7,3787,2517,1196,74,0,0
2021-06-27,32,Jawa Barat,499,55,444,904,54,850,9,88,12,3988,2700,1195,93,0,0
2021-06-28,32,Jawa Barat,1172,333,839,1728,459,1269,5,0,0,4771,3525,1173,73,0,0
2021-06-29,32,Jawa Barat,489,121,368,635,0,958,50,0,7,3908,2656,1140,112,0,0
2021-06-30,32,Jawa Barat,158,10,148,582,243,339,5,2,1,4473,2208,2175,90,0,0
2021-07-01,32,Jawa Barat,2379,1216,1163,6567,2998,3569,43,26,12,6179,4830,1284,65,0,0
2021-07-02,32,Jawa Barat,939,353,586,5221,1112,4109,6,4,1,4920,3310,1573,37,0,0
2021-07-03,32,Jawa Barat,179,13,166,496,170,326,34,0,5,5393,3080,2275,38,0,0
2021-07-04,32,Jawa Barat,95,0,99,77,0,143,0,0,2,4458,2285,2107,66,0,0
2021-07-05,32,Jawa Barat,82,0,127,602,262,340,0,0,5,6971,5266,1666,39,0,0
2021-07-06,32,Jawa Barat,544,0,928,927,35,892,0,2,10,7239,3667,3524,48,0,0
2021-07-07,32,Jawa Barat,161,0,245,1124,0,1187,38,0,6,8591,4819,3705,67,0,0
2021-07-08,32,Jawa Barat,258,0,268,874,518,356,18,0,3,7772,4377,3259,136,0,0
2021-07-09,32,Jawa Barat,1123,69,1054,5737,538,5199,9,20,43,7399,2289,4950,160,0,0
2021-07-10,32,Jawa Barat,207,0,308,653,104,549,23,0,6,4926,763,3999,164,0,0
2021-07-11,32,Jawa Barat,343,24,319,939,213,726,3,0,5,6704,2852,3583,269,0,0
2021-07-12,32,Jawa Barat,279,30,249,927,0,962,22,0,13,7942,3318,4449,175,0,0
2021-07-13,32,Jawa Barat,0,0,0,0,0,0,0,0,0,7192,2878,4170,144,0,0
2021-07-14,32,Jawa Barat,0,0,0,0,0,0,0,0,0,10444,6183,4119,142,0,0
2021-07-15,32,Jawa Barat,0,0,0,0,0,0,0,0,0,11101,5838,5137,126,0,0
2021-07-16,32,Jawa Barat,0,0,0,0,0,0,0,0,0,10730,3254,7339,137,0,0
2021-07-17,32,Jawa Barat,1334,0,1386,3505,0,3566,72,26,34,9398,4423,4891,84,0,0
2021-07-18,32,Jawa Barat,3349,0,3742,10571,1367,9204,251,0,119,7777,3791,3895,91,0,0
2021-07-19,32,Jawa Barat,532,0,532,9135,6722,2413,10,0,36,7287,1987,5218,82,0,0
2021-07-20,32,Jawa Barat,376,0,464,1993,0,5564,27,0,5,6928,3791,3067,70,0,0
2021-07-21,32,Jawa Barat,0,0,0,0,0,0,0,0,0,5950,0,6862,119,0,0
2021-07-22,32,Jawa Barat,0,0,0,0,0,0,0,0,0,10499,3070,7288,141,0,0
2021-07-23,32,Jawa Barat,0,0,0,0,0,0,0,0,0,8925,1894,6875,156,0,0
2021-07-24,32,Jawa Barat,0,0,0,0,0,0,0,0,0,7587,763,6709,115,0,0
2021-07-25,32,Jawa Barat,0,0,0,0,0,0,0,0,0,5302,38,5141,123,0,0
2021-07-26,32,Jawa Barat,0,0,0,0,0,0,0,0,0,4368,0,4855,226,0,0
2021-07-27,32,Jawa Barat,0,0,0,0,0,0,0,0,0,8589,0,9340,309,0,0
2021-07-28,32,Jawa Barat,0,0,0,0,0,0,0,0,0,8366,94,8067,205,0,0
2021-07-29,32,Jawa Barat,0,0,0,0,0,0,0,0,0,7519,0,7845,210,0,0
2021-07-30,32,Jawa Barat,0,0,0,0,0,0,0,0,0,6912,0,7437,88,0,0
2021-07-31,32,Jawa Barat,0,0,0,0,0,0,0,0,0,4204,0,6931,179,0,0
2021-08-01,32,Jawa Barat,7905,0,8662,19472,0,22352,141,0,184,2769,0,3441,189,0,0
2021-08-02,32,Jawa Barat,1741,482,1259,2105,0,3218,8,0,7,2341,0,6212,127,0,0
2021-08-03,32,Jawa Barat,2086,27,2059,6706,0,6839,12,0,10,4301,0,5054,139,0,0
2021-08-04,32,Jawa Barat,624,0,721,4843,0,4923,36,0,3,3994,0,5378,142,0,0
2021-08-05,32,Jawa Barat,593,0,901,2679,0,3406,27,0,5,4718,0,9632,173,0,0
2021-08-06,32,Jawa Barat,0,0,0,0,0,0,0,0,0,4580,0,8028,107,0,0
2021-08-07,32,Jawa Barat,0,0,0,0,0,0,0,0,0,3004,0,4919,79,0,0
2021-08-08,32,Jawa Barat,0,0,0,0,0,0,0,0,0,2248,0,18803,58,0,0
2021-08-09,32,Jawa Barat,0,0,0,0,0,0,0,0,0,2422,0,8800,120,0,0
2021-08-10,32,Jawa Barat,0,0,0,0,0,0,0,0,0,4163,0,7441,491,0,0
2021-08-11,32,Jawa Barat,0,0,0,0,0,0,0,0,0,3174,0,8120,120,0,0
2021-08-12,32,Jawa Barat,0,0,0,0,0,0,0,0,0,1868,0,4519,90,0,0
2021-08-13,32,Jawa Barat,0,0,0,0,0,0,0,0,0,2968,0,8759,70,0,0
2021-08-14,32,Jawa Barat,0,0,0,0,0,0,0,0,0,2164,0,2486,43,0,0
2021-08-15,32,Jawa Barat,0,0,0,0,0,0,0,0,0,1299,0,2099,46,0,0
2021-08-16,32,Jawa Barat,0,0,0,0,0,0,0,0,0,2095,0,4157,65,0,0
2021-08-17,32,Jawa Barat,0,0,0,0,0,0,0,0,0,1643,0,3894,90,0,0
2021-08-18,32,Jawa Barat,0,0,0,0,0,0,0,0,0,1377,0,4678,48,0,0
2021-08-19,32,Jawa Barat,0,0,0,0,0,0,0,0,0,3266,0,6680,239,0,0
2021-08-20,32,Jawa Barat,0,0,0,0,0,0,0,0,0,2742,0,3071,268,0,0
2021-08-21,32,Jawa Barat,0,0,0,0,0,0,0,0,0,1747,0,1654,343,0,0
2021-08-22,32,Jawa Barat,0,0,0,0,0,0,0,0,0,1192,0,1830,59,0,0
2021-08-23,32,Jawa Barat,0,0,0,0,0,0,0,0,0,1483,0,1602,37,0,0
2021-08-24,32,Jawa Barat,0,0,0,0,0,0,0,0,0,5254,0,14252,314,0,0
2021-08-25,32,Jawa Barat,0,0,0,0,0,0,0,0,0,5464,0,13486,270,0,0
2021-08-26,32,Jawa Barat,0,0,0,0,0,0,0,0,0,5058,0,10498,235,0,0
2021-08-27,32,Jawa Barat,0,0,0,0,0,0,0,0,0,1349,0,2562,25,0,0
2021-08-28,32,Jawa Barat,0,0,0,0,0,0,0,0,0,956,0,1652,29,0,0
2021-08-29,32,Jawa Barat,0,0,0,0,0,0,0,0,0,624,0,1553,12,0,0
2021-08-30,32,Jawa Barat,0,0,0,0,0,0,0,0,0,506,0,2660,50,0,0
2021-08-31,32,Jawa Barat,0,0,0,0,0,0,0,0,0,1127,0,2287,37,0,0
2021-09-01,32,Jawa Barat,0,0,0,0,0,0,0,0,0,1255,0,1779,53,0,0
2021-09-02,32,Jawa Barat,0,0,0,0,0,0,0,0,0,791,0,4847,43,0,0
2021-09-03,32,Jawa Barat,0,0,0,0,0,0,0,0,0,845,0,2341,96,0,0
2021-09-04,32,Jawa Barat,0,0,0,0,0,0,0,0,0,545,0,2486,125,0,0
2021-09-05,32,Jawa Barat,0,0,0,0,0,0,0,0,0,355,0,804,9,0,0
2021-09-06,32,Jawa Barat,0,0,0,0,0,0,0,0,0,405,0,1698,180,0,0
2021-09-07,32,Jawa Barat,0,0,0,0,0,0,0,0,0,778,0,2849,252,0,0
2021-09-08,32,Jawa Barat,0,0,0,0,0,0,0,0,0,690,0,990,187,0,0
2021-09-09,32,Jawa Barat,0,0,0,0,0,0,0,0,0,517,0,712,13,0,0
2021-09-10,32,Jawa Barat,0,0,0,0,0,0,0,0,0,540,0,930,8,0,0
2021-09-11,32,Jawa Barat,0,0,0,0,0,0,0,0,0,446,143,296,7,0,0
2021-09-12,32,Jawa Barat,0,0,0,0,0,0,0,0,0,567,0,978,4,0,0
2021-09-13,32,Jawa Barat,0,0,0,0,0,0,0,0,0,210,0,705,7,0,0
2021-09-14,32,Jawa Barat,0,0,0,0,0,0,0,0,0,318,0,637,17,0,0
2021-09-15,32,Jawa Barat,0,0,0,0,0,0,0,0,0,384,0,988,22,0,0
2021-09-16,32,Jawa Barat,0,0,0,0,0,0,0,0,0,346,0,755,9,0,0
2021-09-17,32,Jawa Barat,0,0,0,0,0,0,0,0,0,328,0,379,8,0,0
2021-09-18,32,Jawa Barat,0,0,0,0,0,0,0,0,0,238,0,430,6,0,0
2021-09-19,32,Jawa Barat,0,0,0,0,0,0,0,0,0,170,0,622,6,0,0
2021-09-20,32,Jawa Barat,0,0,0,0,0,0,0,0,0,116,0,452,10,0,0
2021-09-21,32,Jawa Barat,0,0,0,0,0,0,0,0,0,284,0,565,9,0,0
2021-09-22,32,Jawa Barat,0,0,0,0,0,0,0,0,0,211,0,427,13,0,0
2021-09-23,32,Jawa Barat,0,0,0,0,0,0,0,0,0,243,0,373,13,0,0
2021-09-24,32,Jawa Barat,0,0,0,0,0,0,0,0,0,216,0,328,13,0,0
2021-09-25,32,Jawa Barat,0,0,0,0,0,0,0,0,0,188,0,214,2,0,0
2021-09-26,32,Jawa Barat,0,0,0,0,0,0,0,0,0,157,0,296,6,0,0
2021-09-27,32,Jawa Barat,0,0,0,0,0,0,0,0,0,149,0,429,6,0,0
2021-09-28,32,Jawa Barat,0,0,0,0,0,0,0,0,0,205,0,239,6,0,0
2021-09-29,32,Jawa Barat,0,0,0,0,0,0,0,0,0,191,0,337,5,0,0
2021-09-30,32,Jawa Barat,0,0,0,0,0,0,0,0,0,161,0,288,11,0,0
2021-10-01,32,Jawa Barat,0,0,0,0,0,0,0,0,0,115,0,168,1,0,0
2021-10-02,32,Jawa Barat,0,0,0,0,0,0,0,0,0,156,0,173,2,0,0
2021-10-03,32,Jawa Barat,0,0,0,0,0,0,0,0,0,97,0,229,3,0,0
2021-10-04,32,Jawa Barat,0,0,0,0,0,0,0,0,0,74,0,474,7,0,0
2021-10-05,32,Jawa Barat,0,0,0,0,0,0,0,0,0,105,0,273,3,0,0
2021-10-06,32,Jawa Barat,0,0,0,0,0,0,0,0,0,104,0,159,4,0,0
2021-10-07,32,Jawa Barat,0,0,0,0,0,0,0,0,0,106,0,118,7,0,0
2021-10-08,32,Jawa Barat,0,0,0,0,0,0,0,0,0,107,0,133,1,0,0
2021-10-09,32,Jawa Barat,0,0,0,0,0,0,0,0,0,117,0,123,1,0,0
2021-10-10,32,Jawa Barat,0,0,0,0,0,0,0,0,0,63,0,93,2,0,0
2021-10-11,32,Jawa Barat,0,0,0,0,0,0,0,0,0,69,0,145,5,0,0
2021-10-12,32,Jawa Barat,0,0,0,0,0,0,0,0,0,127,0,165,2,0,0
2021-10-13,32,Jawa Barat,0,0,0,0,0,0,0,0,0,93,0,224,1,0,0
2021-10-14,32,Jawa Barat,0,0,0,0,0,0,0,0,0,102,0,125,0,0,0
2021-10-15,32,Jawa Barat,0,0,0,0,0,0,0,0,0,85,0,100,1,0,0
2021-10-16,32,Jawa Barat,0,0,0,0,0,0,0,0,0,108,29,78,1,0,0
2021-10-17,32,Jawa Barat,0,0,0,0,0,0,0,0,0,70,0,82,0,0,0
2021-10-18,32,Jawa Barat,0,0,0,0,0,0,0,0,0,67,0,150,2,0,0
2021-10-19,32,Jawa Barat,0,0,0,0,0,0,0,0,0,105,0,264,3,0,0
2021-10-20,32,Jawa Barat,0,0,0,0,0,0,0,0,0,122,0,119,3,0,0
2021-10-21,32,Jawa Barat,0,0,0,0,0,0,0,0,0,42,0,213,2,0,0
2021-10-22,32,Jawa Barat,0,0,0,0,0,0,0,0,0,133,0,174,5,0,0
2021-10-23,32,Jawa Barat,0,0,0,0,0,0,0,0,0,72,1,71,0,0,0
2021-10-24,32,Jawa Barat,0,0,0,0,0,0,0,0,0,77,25,50,2,0,0
2021-10-25,32,Jawa Barat,0,0,0,0,0,0,0,0,0,68,0,163,2,0,0
2021-10-26,32,Jawa Barat,0,0,0,0,0,0,0,0,0,78,12,65,1,0,0
2021-10-27,32,Jawa Barat,0,0,0,0,0,0,0,0,0,85,0,91,3,0,0
2021-10-28,32,Jawa Barat,0,0,0,0,0,0,0,0,0,111,9,97,5,0,0
2021-10-29,32,Jawa Barat,0,0,0,0,0,0,0,0,0,157,70,85,2,0,0
2021-10-30,32,Jawa Barat,0,0,0,0,0,0,0,0,0,142,107,35,0,0,0
2021-10-31,32,Jawa Barat,0,0,0,0,0,0,0,0,0,100,46,53,1,0,0
2021-11-01,32,Jawa Barat,0,0,0,0,0,0,0,0,0,46,0,99,1,0,0
2021-11-02,32,Jawa Barat,0,0,0,0,0,0,0,0,0,75,13,56,6,0,0
2021-11-03,32,Jawa Barat,0,0,0,0,0,0,0,0,0,175,104,69,2,0,0
2021-11-04,32,Jawa Barat,0,0,0,0,0,0,0,0,0,161,27,133,1,0,0
2021-11-05,32,Jawa Barat,0,0,0,0,0,0,0,0,0,92,25,65,2,0,0
2021-11-06,32,Jawa Barat,0,0,0,0,0,0,0,0,0,53,37,16,0,0,0
2021-11-07,32,Jawa Barat,0,0,0,0,0,0,0,0,0,99,0,107,0,0,0
2021-11-08,32,Jawa Barat,0,0,0,0,0,0,0,0,0,22,0,111,1,0,0
2021-11-09,32,Jawa Barat,0,0,0,0,0,0,0,0,0,62,0,71,1,0,0
2021-11-10,32,Jawa Barat,0,0,0,0,0,0,0,0,0,77,25,50,2,0,0
2021-11-11,32,Jawa Barat,0,0,0,0,0,0,0,0,0,49,18,30,1,0,0
2021-11-12,32,Jawa Barat,0,0,0,0,0,0,0,0,0,60,0,80,1,0,0
2021-11-13,32,Jawa Barat,0,0,0,0,0,0,0,0,0,49,0,67,2,0,0
2021-11-14,32,Jawa Barat,0,0,0,0,0,0,0,0,0,25,0,36,2,0,0
2021-11-15,32,Jawa Barat,0,0,0,0,0,0,0,0,0,27,0,289,0,0,0
2021-11-16,32,Jawa Barat,0,0,0,0,0,0,0,0,0,50,0,96,3,0,0
2021-11-17,32,Jawa Barat,0,0,0,0,0,0,0,0,0,160,89,69,2,0,0
2021-11-18,32,Jawa Barat,0,0,0,0,0,0,0,0,0,56,0,61,2,0,0
2021-11-19,32,Jawa Barat,0,0,0,0,0,0,0,0,0,68,0,205,2,0,0
2021-11-20,32,Jawa Barat,0,0,0,0,0,0,0,0,0,43,24,19,0,0,0
2021-11-21,32,Jawa Barat,0,0,0,0,0,0,0,0,0,36,10,24,2,0,0
2021-11-22,32,Jawa Barat,0,0,0,0,0,0,0,0,0,31,0,82,0,0,0
2021-11-23,32,Jawa Barat,0,0,0,0,0,0,0,0,0,58,0,166,0,0,0
2021-11-24,32,Jawa Barat,0,0,0,0,0,0,0,0,0,85,4,79,2,0,0
2021-11-25,32,Jawa Barat,0,0,0,0,0,0,0,0,0,44,0,54,0,0,0
2021-11-26,32,Jawa Barat,0,0,0,0,0,0,0,0,0,96,69,27,0,0,0
2021-11-27,32,Jawa Barat,0,0,0,0,0,0,0,0,0,46,14,31,1,0,0
2021-11-28,32,Jawa Barat,0,0,0,0,0,0,0,0,0,25,0,28,0,0,0
2021-11-29,32,Jawa Barat,0,0,0,0,0,0,0,0,0,29,0,94,2,0,0
2021-11-30,32,Jawa Barat,0,0,0,0,0,0,0,0,0,68,8,57,3,0,0
2021-12-01,32,Jawa Barat,0,0,0,0,0,0,0,0,0,58,0,75,0,0,0
2021-12-02,32,Jawa Barat,0,0,0,0,0,0,0,0,0,83,29,54,0,0,0
2021-12-03,32,Jawa Barat,0,0,0,0,0,0,0,0,0,30,0,41,0,0,0
2021-12-04,32,Jawa Barat,0,0,0,0,0,0,0,0,0,49,0,67,0,0,0
2021-12-05,32,Jawa Barat,0,0,0,0,0,0,0,0,0,27,0,64,0,0,0
2021-12-06,32,Jawa Barat,0,0,0,0,0,0,0,0,0,25,0,84,1,0,0
2021-12-07,32,Jawa Barat,0,0,0,0,0,0,0,0,0,59,0,102,4,0,0
2021-12-08,32,Jawa Barat,0,0,0,0,0,0,0,0,0,62,0,80,1,0,0
2021-12-09,32,Jawa Barat,0,0,0,0,0,0,0,0,0,45,8,36,1,0,0
2021-12-10,32,Jawa Barat,0,0,0,0,0,0,0,0,0,44,5,39,0,0,0
2021-12-11,32,Jawa Barat,0,0,0,0,0,0,0,0,0,40,22,18,0,0,0
2021-12-12,32,Jawa Barat,0,0,0,0,0,0,0,0,0,22,7,14,1,0,0
2021-12-13,32,Jawa Barat,0,0,0,0,0,0,0,0,0,17,0,51,1,0,0
2021-12-14,32,Jawa Barat,0,0,0,0,0,0,0,0,0,39,0,78,3,0,0
2021-12-15,32,Jawa Barat,0,0,0,0,0,0,0,0,0,52,0,57,0,0,0
2021-12-16,32,Jawa Barat,0,0,0,0,0,0,0,0,0,38,1,37,0,0,0
2021-12-17,32,Jawa Barat,0,0,0,0,0,0,0,0,0,51,6,45,0,0,0
2021-12-18,32,Jawa Barat,0,0,0,0,0,0,0,0,0,40,2,37,1,0,0
2021-12-19,32,Jawa Barat,0,0,0,0,0,0,0,0,0,30,19,11,0,0,0
2021-12-20,32,Jawa Barat,0,0,0,0,0,0,0,0,0,23,0,65,0,0,0
2021-12-21,32,Jawa Barat,0,0,0,0,0,0,0,0,0,35,0,59,1,0,0
2021-12-22,32,Jawa Barat,0,0,0,0,0,0,0,0,0,19,0,63,0,0,0
2021-12-23,32,Jawa Barat,0,0,0,0,0,0,0,0,0,26,0,53,0,0,0
2021-12-24,32,Jawa Barat,0,0,0,0,0,0,0,0,0,22,0,25,0,0,0
2021-12-25,32,Jawa Barat,0,0,0,0,0,0,0,0,0,18,0,20,0,0,0
2021-12-26,32,Jawa Barat,0,0,0,0,0,0,0,0,0,9,0,33,0,0,0
2021-12-27,32,Jawa Barat,0,0,0,0,0,0,0,0,0,6,0,47,2,0,0
2021-12-28,32,Jawa Barat,0,0,0,0,0,0,0,0,0,16,0,24,1,0,0
2021-12-29,32,Jawa Barat,0,0,0,0,0,0,0,0,0,36,0,46,2,0,0
2021-12-30,32,Jawa Barat,0,0,0,0,0,0,0,0,0,16,0,19,0,0,0
2021-12-31,32,Jawa Barat,0,0,0,0,0,0,0,0,0,19,0,45,0,0,0
2022-01-01,32,Jawa Barat,0,0,0,0,0,0,0,0,0,18,7,11,0,0,0
2022-01-02,32,Jawa Barat,0,0,0,0,0,0,0,0,0,10,0,35,0,0,0
2022-01-03,32,Jawa Barat,0,0,0,0,0,0,0,0,0,11,0,16,0,0,0
2022-01-04,32,Jawa Barat,0,0,0,0,0,0,0,0,0,32,9,23,0,0,0
2022-01-05,32,Jawa Barat,0,0,0,0,0,0,0,0,0,24,0,28,0,0,0
2022-01-06,32,Jawa Barat,0,0,0,0,0,0,0,0,0,24,0,27,0,0,0
2022-01-07,32,Jawa Barat,0,0,0,0,0,0,0,0,0,36,18,18,0,0,0
2022-01-08,32,Jawa Barat,0,0,0,0,0,0,0,0,0,25,8,17,0,0,0
2022-01-09,32,Jawa Barat,0,0,0,0,0,0,0,0,0,21,0,30,0,0,0
2022-01-10,32,Jawa Barat,0,0,0,0,0,0,0,0,0,27,0,37,1,0,0
2022-01-11,32,Jawa Barat,0,0,0,0,0,0,0,0,0,62,43,18,1,0,0
2022-01-12,32,Jawa Barat,0,0,0,0,0,0,0,0,0,62,36,25,1,0,0
2022-01-13,32,Jawa Barat,0,0,0,0,0,0,0,0,0,89,78,11,0,0,0
2022-01-14,32,Jawa Barat,0,0,0,0,0,0,0,0,0,104,91,11,2,0,0
2022-01-15,32,Jawa Barat,0,0,0,0,0,0,0,0,0,115,98,17,0,0,0
2022-01-16,32,Jawa Barat,0,0,0,0,0,0,0,0,0,90,64,26,0,0,0
2022-01-17,32,Jawa Barat,0,0,0,0,0,0,0,0,0,89,72,17,0,0,0
2022-01-18,32,Jawa Barat,0,0,0,0,0,0,0,0,0,292,256,35,1,0,0
2022-01-19,32,Jawa Barat,0,0,0,0,0,0,0,0,0,324,297,25,2,0,0
2022-01-20,32,Jawa Barat,0,0,0,0,0,0,0,0,0,401,376,24,1,0,0
2022-01-21,32,Jawa Barat,0,0,0,0,0,0,0,0,0,505,465,40,0,0,0
2022-01-22,32,Jawa Barat,0,0,0,0,0,0,0,0,0,641,618,23,0,0,0
2022-01-23,32,Jawa Barat,0,0,0,0,0,0,0,0,0,485,450,32,3,0,0
2022-01-24,32,Jawa Barat,0,0,0,0,0,0,0,0,0,409,354,55,0,0,0
2022-01-25,32,Jawa Barat,0,0,0,0,0,0,0,0,0,1238,1125,110,3,0,0
2022-01-26,32,Jawa Barat,0,0,0,0,0,0,0,0,0,1619,909,708,2,0,0
2022-01-27,32,Jawa Barat,0,0,0,0,0,0,0,0,0,1744,1718,25,1,0,0
2022-01-28,32,Jawa Barat,0,0,0,0,0,0,0,0,0,2313,2155,158,0,0,0
2022-01-29,32,Jawa Barat,0,0,0,0,0,0,0,0,0,2525,2073,452,0,0,0
2022-01-30,32,Jawa Barat,0,0,0,0,0,0,0,0,0,2584,2048,535,1,0,0
2022-01-31,32,Jawa Barat,0,0,0,0,0,0,0,0,0,2086,1527,557,2,0,0
2022-02-01,32,Jawa Barat,0,0,0,0,0,0,0,0,0,4249,3376,869,4,0,0
2022-02-02,32,Jawa Barat,0,0,0,0,0,0,0,0,0,3739,3574,164,1,0,0
